<!--
# Autor: Robson Vaamonde
# Site: www.procedimentosemti.com.br
# Facebook: facebook.com/ProcedimentosEmTI
# Facebook: facebook.com/BoraParaPratica
# YouTube: youtube.com/BoraParaPratica
# Data de criação: 04/01/2021
# Data de atualização: 05/01/2021
# Versão: 0.03
# Testado e homologado para a versão do Ubuntu Server 18.04.x LTS x64
# Kernel = 4.15.x
# Testado e homologado para a versão do Apache Guacamole 1.3.x
# comando para a geração da senha: echo -n guacadmin | openssl md5 | cut -d ' ' -f2
# comando para a geração da senha: printf '%s' guacadmin | md5sum | cut -d ' ' -f1
-->
<user-mapping>
    <authorize 
            username="guacadmin"
            password="5cbd438413e8e3ca0e14e200fde621a9"
            encoding="md5">
        <!-- configuração do acesso remoto via OpenSSH-->
        <connection name="Ubuntu-Server-SSH">
            <protocol>ssh</protocol>
            <param name="hostname">172.16.1.20</param>
            <param name="port">22</param>
            <param name="username">vaamonde</param>
        </connection>
        <!-- configuração do acesso remoto via Telnet-->
        <connection name="Ubuntu-Server-Telnet">
            <protocol>telnet</protocol>
            <param name="hostname">172.16.1.20</param>
            <param name="port">23</param>
            <param name="username">vaamonde</param>
        </connection>
        <!-- configuração do acesso remoto via RDP-->
        <connection name="Windows-7-RDP">
            <protocol>rdp</protocol>
            <param name="hostname">172.16.1.103</param>
            <param name="port">3389</param>
            <param name="username">vaamonde</param>
            <param name="ignore-cert">true</param>
            <param name="disable-bitmap-caching">true</param>
            <param name="disable-offscreen-caching">true</param>
            <param name="disable-glyph-caching">true</param>
        </connection>
        <!-- configuração do acesso remoto via RDP-->
        <connection name="Windows-10-RDP">
            <protocol>rdp</protocol>
            <param name="hostname">172.16.1.104</param>
            <param name="port">3389</param>
            <param name="username">vaamonde</param>
            <param name="ignore-cert">true</param>
        </connection>
        <!-- configuração do acesso remoto via VNC-->
        <connection name="Linux-Mint-VNC">
            <protocol>vnc</protocol>
            <param name="hostname">172.16.1.101</param>
            <param name="port">5900</param>
        </connection>

    </authorize>

</user-mapping>